index,year,NOx,NMVOC,SO2,NH3,PM2.5,PM10,TSP,BC,CO
AgriLivestock,1990,1.719786834704661,390.7963537929525,0.0,303.2567653886038,0.0,0.0,50.04083248336517,0.0,0.0
AgriLivestock,1991,1.5243380839171947,349.55678712548024,0.0,264.5110023917695,0.0,0.0,44.27961881242406,0.0,0.0
AgriLivestock,1992,1.506430789164458,339.624483114943,0.0,262.5993701323617,0.0,0.0,43.13204699949345,0.0,0.0
AgriLivestock,1993,1.510457628577006,340.04200107514015,0.0,260.89483542215663,0.0,0.0,42.76240836893068,0.0,0.0
AgriLivestock,1994,1.554770440770653,332.6097519353795,0.0,258.7861069518223,0.0,0.0,42.98594871126418,0.0,0.0
AgriLivestock,1995,1.5511888762567299,332.18071547544145,0.0,256.0833971880221,4.474865951446786,12.707997617913495,42.24013573889672,0.0,0.0
AgriLivestock,1996,1.558447716693681,332.93873904087576,0.0,258.3255454179052,4.458037378273867,12.7876737155522,42.596183182315244,0.0,0.0
AgriLivestock,1997,1.5238397022358932,324.1735714248705,0.0,255.28254674330645,4.333410839241708,12.668126040638116,42.421325003249976,0.0,0.0
AgriLivestock,1998,1.5257462822496572,321.79227836219354,0.0,259.5792688386005,4.2663996778211875,12.741667272608002,43.27249444242647,0.0,0.0
AgriLivestock,1999,1.518866170476154,319.74109205122915,0.0,257.3246734913331,4.229765841724559,12.67410998194606,42.78803024128643,0.0,0.0
AgriLivestock,2000,1.523365051849967,318.00733789096887,0.0,256.9122922244745,4.180790251542572,12.634528787831883,42.435362301243416,0.0,0.0
AgriLivestock,2001,1.5572846313574173,322.8448752984327,0.0,261.19741940271024,4.208076308143693,12.760984789310562,42.59896309055816,0.0,0.0
AgriLivestock,2002,1.5203619357914249,311.7781280765339,0.0,257.2093701569621,4.09851458185476,12.666114590761923,42.33227880198189,0.0,0.0
AgriLivestock,2003,1.545095301147797,308.25801763359675,0.0,259.5198411861178,4.0463507958195795,12.661527663274434,42.27551635346058,0.0,0.0
AgriLivestock,2004,1.511553446836195,299.30152574125196,0.0,254.02374549577394,3.9380360858026515,12.337138086625275,40.97964748889072,0.0,0.0
AgriLivestock,2005,1.533977001390341,297.646612821049,0.0,257.31909616735464,3.891699941288125,12.290574060536876,41.25719719584227,0.0,0.0
AgriLivestock,2006,1.5187487551876548,292.895065666827,0.0,254.24464585536137,3.820166434437028,12.24693337114975,41.03820941544161,0.0,0.0
AgriLivestock,2007,1.5404347978148059,295.13611722180946,0.0,258.03987897165234,3.824163249417303,12.425940745513675,41.842896037831856,0.0,0.0
AgriLivestock,2008,1.545877358210131,296.5215879312529,0.0,257.9562976835691,3.902589090490232,12.492158897237507,41.60285762196328,0.0,0.0
AgriLivestock,2009,1.552731815024188,297.3635321782221,0.0,258.8591089978497,3.8959012670753217,12.504005091272028,41.614262022832825,0.0,0.0
AgriLivestock,2010,1.529364658099726,296.7856796589365,0.0,252.88476718000427,3.860135642722575,12.317756327746041,40.31972824926799,0.0,0.0
AgriLivestock,2011,1.5016727778633268,297.13274474162614,0.0,253.16890551252874,3.8646831905084365,12.750275606388309,41.791867017952406,0.0,0.0
AgriLivestock,2012,1.4804294334860069,299.16766810529623,0.0,257.2098504768833,3.9131484773581358,13.3101121443768,43.901907333860635,0.0,0.0
AgriLivestock,2013,1.475426594457558,304.3778149079973,0.0,258.4210344869269,4.006433537246416,13.798341826379596,45.060914489463165,0.0,0.0
AgriLivestock,2014,1.481567381763081,306.7390573354162,0.0,260.02738752758324,4.0088146681237955,13.770570547444217,45.332564751131876,0.0,0.0
AgriLivestock,2015,1.464810678913704,305.3763778867803,0.0,256.36312292603037,3.969528538326089,13.562055329830791,44.5827415204071,0.0,0.0
AgriLivestock,2016,1.454612662587603,303.0691647102935,0.0,253.72865008867615,3.911707016163851,13.390723536490704,44.350203035084625,0.0,0.0
AgriLivestock,2017,1.4435763835746258,300.93854032028634,0.0,252.84708178597876,3.8797223474531277,13.364751043892742,44.399940108022136,0.0,0.0
AgriLivestock,2018,1.418050257148869,297.8627213166994,0.0,247.20185505764613,3.7995423973510967,13.168731525432307,43.55023444746022,0.0,0.0
AgriLivestock,2019,1.4011460099257138,295.8273315253548,0.0,243.31490598516535,3.72410887350738,12.997087125231376,42.89671749330722,0.0,0.0
AgriOther,1990,139.54886881935107,7.691988786184271,0.0,378.32414610536864,0.0,0.0,17.43989988,0.0,0.0
AgriOther,1991,127.61869259230795,7.826397038993988,0.0,340.42199528000555,0.0,0.0,16.349216520000002,0.0,0.0
AgriOther,1992,125.60710074096413,7.001370124043573,0.0,338.8722430422619,0.0,0.0,16.01291484,0.0,0.0
AgriOther,1993,118.75256340589631,7.69755753626238,0.0,331.61880070275265,0.0,0.0,15.5830818,0.0,0.0
AgriOther,1994,114.54670966139446,7.49352844346646,0.0,313.0368962590817,0.0,0.0,15.42455772,0.0,0.0
AgriOther,1995,114.23297546216298,8.189727531582768,0.0,313.2853882259534,0.61543536,16.00131936,16.00131936,0.0,0.0
AgriOther,1996,116.4954046895525,7.8453909624087546,0.0,317.2782732996942,0.62429196,16.231590960000002,16.231590960000002,0.0,0.0
AgriOther,1997,115.54973570930584,8.573629617803727,0.0,312.17293133365325,0.64544244,16.78150344,16.78150344,0.0,0.0
AgriOther,1998,117.60705630828063,8.84743362110907,0.0,315.13077599822935,0.65022816,16.90593216,16.90593216,0.0,0.0
AgriOther,1999,120.562783327792,9.061025567676879,0.0,315.69812756344146,0.63304968,16.45929168,16.45929168,0.0,0.0
AgriOther,2000,120.9217259764832,8.788044860954852,0.0,316.1853155562822,0.64099734,16.665930839999998,16.665930839999998,0.0,0.0
AgriOther,2001,120.19317609823607,9.473832553262373,0.0,319.41243528533766,0.64503288,16.77085488,16.77085488,0.0,0.0
AgriOther,2002,116.00993828478121,8.594573801532624,0.0,311.44290879871653,0.64635948,16.80534648,16.80534648,0.0,0.0
AgriOther,2003,115.51526535104936,7.283096585257672,0.0,307.888848640484,0.6388585398,16.6103220348,16.6103220348,0.0,0.0
AgriOther,2004,114.4626075106328,9.806442158622641,0.0,300.25127573432343,0.6538086197999999,16.9990241148,16.9990241148,0.0,0.0
AgriOther,2005,115.67329277940557,9.171000576210078,0.0,305.6777352326343,0.6541131179999999,17.006941068,17.006941068,0.0,0.0
AgriOther,2006,112.8357028596887,8.832015494262256,0.0,304.40597014708203,0.6548596799999999,17.026351679999998,17.026351679999998,0.0,0.0
AgriOther,2007,114.69477757400617,9.188045801125917,0.0,312.2177071588158,0.66347832,17.25043632,17.25043632,0.0,0.0
AgriOther,2008,112.28503122793664,9.83162772381174,0.0,317.5300988464562,0.6864028799999999,17.84647488,17.84647488,0.0,0.0
AgriOther,2009,113.38481118640533,10.623135678745033,0.0,321.5096205708561,0.6911254715999999,17.969262261599997,17.969262261599997,0.0,0.0
AgriOther,2010,114.2784606480298,9.529779949780146,0.0,331.11185579553245,0.6846758399999999,17.801571839999998,17.801571839999998,0.0,0.0
AgriOther,2011,117.2568858454329,9.025104300355125,0.0,337.14478085233907,0.6858654,17.8325004,17.8325004,0.0,0.0
AgriOther,2012,119.7580300264768,10.052789724732257,0.0,340.4028314547728,0.685233204,17.816063304,17.816063304,0.0,0.0
AgriOther,2013,120.6600376329609,10.3608402009678,0.0,346.37586007026846,0.6886697999999999,17.9054148,17.9054148,0.0,0.0
AgriOther,2014,124.14516357010575,11.402476056320298,0.0,353.3025304782707,0.688504548,17.901118248000003,17.901118248000003,0.0,0.0
AgriOther,2015,125.2271625867251,9.913027975059,0.0,353.74187803786265,0.680773656,17.700115056,17.700115056,0.0,0.0
AgriOther,2016,124.706717765118,9.693864871095856,0.0,354.09281718170786,0.676887942,17.599086492,17.599086492,0.0,0.0
AgriOther,2017,119.88293610196862,9.7436909082821,0.0,341.13637571159745,0.67640211,17.58645486,17.58645486,0.0,0.0
AgriOther,2018,114.26905602771495,7.8197318732192995,0.0,324.92529724616617,0.6708739920000001,17.442723792000002,17.442723792000002,0.0,0.0
AgriOther,2019,110.83479346723134,8.5585534832428,0.0,314.53306863561926,0.6697718160000001,17.414067216,17.414067216,0.0,0.0
Aviation,1990,6.732263525474054,1.3005044288350598,0.4453397666577782,0.09009168450706453,0.0,0.0,0.09915725514221296,0.0,12.281125831127572
Aviation,1991,6.758906402912779,1.1802527042396125,0.4286927354970884,0.08672115955602441,0.0,0.0,0.1003852095154916,0.0,12.331652914864728
Aviation,1992,7.137245496490817,1.138348242993304,0.4438628142837351,0.08979315375580943,0.0,0.0,0.10458843810509397,0.0,12.117977088134348
Aviation,1993,7.2370332621006215,1.080256979630116,0.44848443901379154,0.09072860241715533,0.0,0.0,0.10444566860691878,0.0,11.976032405764784
Aviation,1994,7.317338765144916,1.1595968053847958,0.4612372269673856,0.09330877750845974,0.0,0.0,0.10491498592187185,0.0,12.49362317859065
Aviation,1995,7.62950284966261,1.0483964688516507,0.4751660632763579,0.09613041952733442,0.09662629421774141,0.09662629421774141,0.10219836129175819,0.0,11.918519792442002
Aviation,1996,7.351833043729874,1.0600215837516371,0.4977801060647238,0.10070954905710257,0.09740986439473537,0.09740986439473537,0.10257753320373811,0.0,12.473888597637448
Aviation,1997,7.670778714870696,1.0244964485594215,0.5255786368708772,0.10633475830016566,0.0998039435347663,0.0998039435347663,0.10508317659801977,0.0,13.059704529041806
Aviation,1998,8.09642580738284,0.9886259645899255,0.5407661935632699,0.10940992930651883,0.10036881944645831,0.10036881944645831,0.10540360564866211,0.0,12.953874857269
Aviation,1999,8.745483319628708,1.0163968344602812,0.5779634194033941,0.11693799311890245,0.10506837416702781,0.10506837416702781,0.1100943592884146,0.0,13.374811613605733
Aviation,2000,9.349599037983708,1.055097358459773,0.6111287231455307,0.12364988398538981,0.11003577579813634,0.11003577579813634,0.11508404733997929,0.048284026604410224,13.69663635234344
Aviation,2001,9.075984995298949,1.0129983272013101,0.5902608242319618,0.11942722519275491,0.10692841086776905,0.10692841086776905,0.11187766292960562,0.04682833059525361,13.300698465396044
Aviation,2002,8.998407639178708,1.0027114826760117,0.5871893310643114,0.11880553081416093,0.10749843314629681,0.10749843314629681,0.11246105041397467,0.04710267898432934,13.35971250224276
Aviation,2003,9.206113115645145,1.0109761926945409,0.5957387752645984,0.1205358525706843,0.1078126144519239,0.1078126144519239,0.11276261596940855,0.04727383921339687,13.428008623113847
Aviation,2004,9.309586152135262,0.9703931527663003,0.5941620226549833,0.12021892233974119,0.1054740142473772,0.1054740142473772,0.11006924112258173,0.04648308512718927,12.818446093580093
Aviation,2005,10.614930491915295,1.0654279165086933,0.6683665854847642,0.13523538383719,0.11546951911952515,0.11546951911952515,0.1202490156010865,0.050956980179442626,13.615214172552166
Aviation,2006,11.093881877119456,1.104741242617714,0.6961859562897801,0.14086637947071473,0.11677672931745114,0.11677672931745114,0.12141168949705637,0.05177176615476636,13.787702224961585
Aviation,2007,11.592782241649465,1.122745797678824,0.716196485163795,0.14491603584475238,0.116557704565114,0.116557704565114,0.12120807084514973,0.05159961164114389,13.870682977150786
Aviation,2008,11.761838957268562,1.1078272735838348,0.7185727505917183,0.14539784724743432,0.1117241067339782,0.1117241067339782,0.11622738239309119,0.04957836801277626,13.608525833219465
Aviation,2009,11.612496424492894,1.02573238199819,0.692340586616732,0.14009103123863936,0.10686081807425227,0.10686081807425227,0.1110257489166799,0.04737538340373111,12.639854118006944
Aviation,2010,11.573304445969185,0.9889634090760235,0.6812318052658208,0.1378446895305213,0.10411993249478776,0.10411993249478776,0.10798057146781134,0.046280623252070274,12.122122194546701
Aviation,2011,11.00736011569951,0.9303310949466186,0.6412131010884526,0.1297449290988019,0.09735475642775004,0.09735475642775004,0.10133558841550645,0.04314165605814296,11.659790642254698
Aviation,2012,11.922999042444426,0.9712041617313412,0.6910828950993055,0.1398386373775956,0.1026751718996035,0.1026751718996035,0.10649101189543742,0.045849806610068336,12.025749694464377
Aviation,2013,12.065507349914169,0.9840844709317556,0.6940802229488425,0.14044557224804793,0.10216908977112577,0.10216908977112577,0.10593056259079474,0.04565702363129958,11.928543901342403
Aviation,2014,11.723542911666076,0.9587901846429809,0.6688635999421557,0.13534186021325878,0.09719739207226462,0.09719739207226462,0.10101569805608088,0.04325574999231867,11.700374872127853
Aviation,2015,11.871220236138239,0.9906852984341887,0.6767052608947588,0.13692793724729133,0.09902165659984234,0.09902165659984234,0.10299114570007412,0.04381777404539511,12.015610215363154
Aviation,2016,12.99263535897764,1.031936273236098,0.7291808857208275,0.14754945738722125,0.10235778152104323,0.10235778152104323,0.10608977817813324,0.04585453012564426,12.078840083420825
Aviation,2017,14.175712205181958,1.1333812203971867,0.7933093784444756,0.16052798904127988,0.10905647879445818,0.10905647879445818,0.11276496230984195,0.04918736228209618,12.779904312254597
Aviation,2018,14.510552663717059,1.208543961681555,0.8185762838200892,0.16564004424926465,0.11517075619943708,0.11517075619943708,0.11912193238578087,0.051835858858167265,13.298141012248903
Aviation,2019,14.382916643598342,1.2026291459186238,0.8119494016004234,0.1643007928317745,0.1113557495321239,0.1113557495321239,0.11499622946502715,0.050610657448791105,12.79209291615491
Fugitive,1990,8.576296363480001,191.6465541167984,55.62899275979999,0.6045119984999999,0.0,0.0,150.29527199999995,0.0,34.06293280251311
Fugitive,1991,7.311177650494454,180.13762457412327,17.656527579658167,0.2044628519,0.0,0.0,52.3982414892,0.0,29.56982128760834
Fugitive,1992,6.493831337430088,173.74358358229475,16.129398379392292,0.0643808598,0.0,0.0,40.209915558445,0.0,20.902660548406
Fugitive,1993,6.901141772290583,171.07448371350122,16.177151995166263,0.0029385774,0.0,0.0,30.91148086191,0.0,12.195245577069276
Fugitive,1994,6.825170762057422,148.20593148266417,16.01417930884734,0.0026565927,0.0,0.0,23.721311455425,0.0,7.51814281273404
Fugitive,1995,5.095298174287222,128.41059866410984,12.78672543141681,0.0027011165999999997,1.4456792413922221,6.177954274555556,17.12079142328,0.0,5.223974989590689
Fugitive,1996,5.405609053843357,121.00937362011194,13.496394858666417,0.0025940646,1.3685215652739997,5.9231862481999995,16.621979349884615,0.0,5.375307537068499
Fugitive,1997,5.209799511401358,115.8517128570952,13.146867591639625,0.0026140152,1.2893546273915555,5.582204450488889,16.90463849078769,0.0,6.289767698961385
Fugitive,1998,4.799706905420045,107.61229413522513,12.592059736829917,0.002501124,1.164340159352222,5.149480314355556,14.822484460349232,0.0,5.18320239480882
Fugitive,1999,4.059060623848481,96.92518703155201,11.131568717958654,0.0020845943999999996,1.091602937454,4.9128353680000005,13.667981390229231,0.0,4.48400006527689
Fugitive,2000,3.785401839921293,88.37113544910174,10.670071248675832,0.0022176795,1.120728470672222,5.0490692329555555,14.988645605683077,0.057709454178388894,5.440315140473837
Fugitive,2001,3.260376873210075,81.28326795474095,9.82453747638458,0.0017675744999999998,1.1001797490605554,5.124360377088888,13.861049874752307,0.04914777563417222,4.253502185376756
Fugitive,2002,2.84240701634549,75.12184739839198,9.111852873571971,0.0017580858,1.1082022723873333,5.247726220733334,13.894320408367692,0.046528417166293336,3.9737460129970854
Fugitive,2003,2.5376449521771365,67.17085404063239,8.596657452358539,0.0019043091,1.0761680926503332,5.147980811183333,14.03810839227846,0.04160272361516334,4.235117581136778
Fugitive,2004,2.197004879066804,60.620075648081745,7.9816202773801015,0.0020629407,1.0876100911464444,5.218359770536111,14.870911565292309,0.037496141844757774,4.780353516818978
Fugitive,2005,2.2450918993235565,57.21973423644782,8.086657263876884,0.0020429900999999998,1.057975741785,5.082538126,14.799918391056922,0.03403246877515,5.023158172702901
Fugitive,2006,2.1490775249726912,55.12939396317521,8.020299280310752,0.002036421,1.0371598058899998,5.0029130069,13.150239177269231,0.0315930438736,3.697937589502371
Fugitive,2007,2.21023427312044,52.80539999734925,7.525493072893665,0.0020536952999999996,1.036595412737889,5.0727962568222225,15.16830815567077,0.026191967397565553,5.428843371065129
Fugitive,2008,2.1790567428771066,51.64037212030578,7.330535396300893,0.0020062518,1.007192229376,4.9112934192,14.597926767199999,0.02409125870324,5.234121436900009
Fugitive,2009,2.0417262824315525,50.24058777513792,6.757038129258148,0.0016473842999999999,0.9528797492259999,4.722584800899999,15.219585104119998,0.02171950796174,6.10142531526672
Fugitive,2010,1.9508605471456857,47.77480836505701,6.584871711389313,0.0019828949999999997,0.9657077542999998,4.7328474714,14.792024687840001,0.023134072051,5.641598451219308
Fugitive,2011,2.030526842498804,46.011567610209106,6.622539048881494,0.001943967,1.02021712114,4.9474802662,15.88044154728,0.0247250127506,6.263802353364886
Fugitive,2012,1.933385179930753,44.33692710500757,6.609688222070047,0.001958565,1.0381907553,5.148645082,15.075422652,0.022669532396999998,5.126989872309051
Fugitive,2013,1.9129241830157353,44.46201717282969,6.352780724344665,0.0020128208999999997,1.019121231138,5.062928984,15.836382394000001,0.02268002160762,6.026331070381865
Fugitive,2014,1.9152485822388203,44.29702836732101,6.397242813720779,0.0021337409999999998,0.9989034138699999,4.9432907749999995,15.57786497458,0.023890705533800002,6.007544810578161
Fugitive,2015,1.9895487484859566,44.235272771223045,6.496420497811244,0.00214104,0.9893703828,4.925283405,15.41890408,0.023468758571999995,5.907290740384165
Fugitive,2016,1.9080475931590264,44.34981741489529,6.4066937141938745,0.0022838571000000003,0.9440552088219999,4.728306275,14.50629142,0.02353702182278,5.441050877343152
Fugitive,2017,1.8591502682438072,44.189110950662446,6.324367515434192,0.0022719312639,0.955578346700398,4.7384944955,14.021468618439998,0.02461100807419502,4.956080376702056
Fugitive,2018,1.783255140287552,43.25826190754484,5.971403122073847,0.0022775313,0.929050457766,4.5996760856,13.997428814000001,0.024537223526339996,5.154455728838236
Fugitive,2019,1.79022248655224,43.4387601604592,5.96422087925256,0.0018943338,0.7641690386159999,3.6694454204,12.25725043976,0.02421448308084,5.289616368520389
Industry,1990,510.10415529122884,92.18225203491298,1779.5844572006542,18.911874912,0.0,0.0,988.8593265909849,0.0,1561.5285013100522
Industry,1991,430.3008677726606,88.56718778187877,1349.4969375470077,13.866158115771427,0.0,0.0,593.0419228218441,0.0,1418.3690285944128
Industry,1992,368.85671768349846,89.68214645636631,1051.3319049332383,12.73001509762857,0.0,0.0,436.3878516979475,0.0,1303.1226851744912
Industry,1993,327.68832521582556,93.77785383666122,947.5240399847819,12.19149167002857,0.0,0.0,379.46353457943275,0.0,1221.19421199944
Industry,1994,301.8425486424489,100.062296683472,707.6905940077655,11.451148105142858,0.0,0.0,353.2725969314605,0.0,1285.151504425609
Industry,1995,305.31769564057925,46.380040072587306,388.17301869951865,13.501486465717734,46.364684459303554,140.22186342551637,315.84340936287464,0.0,1286.65281070849
Industry,1996,286.2015126796921,43.60048687373364,330.2622384602642,13.80345328891971,43.49538060732329,133.5093016153776,303.2676256436193,0.0,1208.5759422828103
Industry,1997,283.39138525198325,42.93083962874192,308.74669374539315,12.69498557362559,45.35580755137653,140.62581792097825,322.4322832389174,0.0,1264.571972999125
Industry,1998,271.6597427170674,41.00771031215363,271.3736489749777,13.042891382496077,43.526538857082464,137.355782176762,318.91472891416,0.0,1220.9625990392578
Industry,1999,260.46827466374015,41.37628244585087,249.49224646724477,12.981541082195612,41.84318423972789,135.52848101658645,317.5896932382567,0.0,1135.0259423019766
Industry,2000,256.0764167318551,40.66276337807501,235.0920567917598,13.860183654523777,39.405686800714946,126.94087680404627,300.3065936243652,0.3846249437761658,1204.8320450349638
Industry,2001,238.88240459795313,38.87810037339103,222.04312336211945,12.414483036761606,36.05841364263867,114.47816097168821,268.99557043330594,0.3880444043566365,1141.8957208138643
Industry,2002,236.59248054945408,39.13726514939316,214.5833094852449,13.063436749693894,34.6155402611671,112.3825538065285,269.01259941049386,0.39237642440475295,1106.5925465878256
Industry,2003,238.73005388620976,40.17138655715639,212.2681378019568,13.30000475782366,33.145253624254856,103.78956438439305,245.31924069272335,0.3890405432581124,1173.0587382485617
Industry,2004,234.22156374251486,43.27729491346478,209.7314608732081,13.357528493302453,31.77099543601916,99.70939737931039,235.43043864408432,0.3796343621644881,1140.3699828622916
Industry,2005,229.80571188109624,43.60149466381585,205.0440583780089,13.364670555616438,29.76308006175787,94.38484638515615,224.13489525825918,0.37260060193449795,1115.1473273015592
Industry,2006,230.356626769834,44.029091212626724,199.54318901823012,14.939774414452371,28.274052928502858,92.61987213980856,221.07979234721165,0.30392880611947376,1121.332502541756
Industry,2007,235.06211414663608,44.7351326228799,198.3055425210769,13.464050083674493,26.404893602258763,86.79435031090676,204.85137808663427,0.32520018888143093,1161.5215833700906
Industry,2008,225.70127394926155,43.79772639930236,193.09587485551575,13.254573146373861,24.03124878409335,84.82595982320134,204.97959654746396,0.3147699722261759,1116.9586869298244
Industry,2009,200.90069246212343,41.30076486483342,166.54670627969662,12.500074332120521,21.31386234668769,77.59625120967476,190.1826069061908,0.3053891348176676,791.334350966528
Industry,2010,215.73920933372753,42.268558292001536,171.2325481626808,12.61529516240988,23.64679864044709,85.3024647687405,199.87119711119894,0.2553678346544932,1031.3161743081391
Industry,2011,211.7961486364596,44.400273170448315,165.9731090721566,12.969627970539005,24.897361569255214,89.7603090074874,207.8039529099018,0.23813738613529922,1057.5249919189962
Industry,2012,197.31153514214387,43.660308356634,149.8305247736182,12.751897040424408,23.945168439502773,87.14590389226689,203.4609617378229,0.20347381943714146,1005.2417748034
Industry,2013,191.68239728134512,42.75545425320994,146.9090881877569,12.584045342144146,24.07614530645298,90.1293785370859,213.12188645684165,0.18580022788346115,1015.4478389405888
Industry,2014,190.23583968194225,43.567177839479804,140.6838443979742,12.538793309092512,24.15730425998018,90.007117773137,211.6166972978359,0.22578888864687074,1039.7096494089126
Industry,2015,187.53904838193057,43.02005034271737,148.55666913514756,12.433074197654951,23.951585986602005,87.99420128847024,204.72587830713059,0.14957907485696806,1045.8218731182194
Industry,2016,192.29382323931162,43.87575307591001,147.44003487117308,12.51491398804673,22.00631251000705,77.51029592691444,182.76935141353562,0.1461321165989037,1008.4521568354523
Industry,2017,194.4965536681346,44.945781428427985,149.05360970769726,12.387030458491084,22.68409729473189,82.28333306003071,197.39088659893093,0.14360694425600434,1059.8100626854366
Industry,2018,189.91582414700582,44.268195097912695,144.31927546040066,12.314520398967513,23.872053527670047,89.3645361065451,210.71267511363732,0.12923661291602548,1017.261844179905
Industry,2019,187.05227733683122,43.50819240318683,142.60349569598182,11.950987055347618,23.79545989050932,89.593865822749,211.78186427097535,0.13212873917626547,995.5336442357428
Offroad,1990,202.64683825742884,82.4980751348705,20.625102522877167,0.34196627528275314,0.0,0.0,36.75671152338192,0.0,377.3188227436441
Offroad,1991,180.6871531533893,66.46169204871578,11.221763273580418,0.21668222412391214,0.0,0.0,34.07643110548828,0.0,372.0906722595038
Offroad,1992,162.57401560323612,56.78555829102462,9.812783514542676,0.1804546680279231,0.0,0.0,29.394902338925945,0.0,351.86084629389563
Offroad,1993,163.46421460707705,55.17178969459111,9.6810122285395,0.17226872936533272,0.0,0.0,28.7739671813485,0.0,343.37887353340665
Offroad,1994,160.66616825022876,54.577405836975394,9.45492411209305,0.19734302427464592,0.0,0.0,27.516009788589518,0.0,341.4175419928558
Offroad,1995,162.60369733708936,59.569043708513725,9.43429298778763,0.17139384273645109,23.083069921617927,27.34146611251773,27.3647236871282,0.0,393.6450368004045
Offroad,1996,151.64833689215737,55.34234695510271,5.437488153482001,0.1288134496213407,21.923646078891338,25.873258419156887,25.976197810463642,0.0,379.5726446415771
Offroad,1997,150.42224374997667,54.56616633881262,3.4347757792261264,0.13732090929431745,21.343292205558335,25.61403196921031,25.67702989150508,0.0,376.738254222803
Offroad,1998,148.8179322244324,53.52601914962463,2.7790875244624154,0.14109149905016433,20.633701888984234,25.066599097935217,25.112014139711217,0.0,369.8611143362103
Offroad,1999,146.80033864650875,50.41936990076491,2.6526918970653117,0.11989112317198575,19.875674335906925,24.149053541946728,24.194672515882726,0.0,363.18782475694877
Offroad,2000,142.28744422348746,51.68607629628091,2.3427511562166297,0.1087916591374283,18.684203048865097,22.986998272215143,23.02413480707914,7.566541480327688,346.67630526597793
Offroad,2001,134.1138359793488,46.75302808209204,1.9015976510142316,0.08365962868091911,17.206195512945218,21.492827949779535,21.514907203235534,6.888387994407983,347.72564867373865
Offroad,2002,128.3981705852714,45.76683740767572,0.6403587850946758,0.08673053531315214,15.936880996344392,20.01829340041233,20.02657597924433,6.396015412205756,344.1161104371544
Offroad,2003,122.19455417871585,45.203481465119076,0.46270875089736263,0.08886168429567236,15.104456856908742,19.28489537613238,19.29185402280438,5.9354872601276965,332.6466533701144
Offroad,2004,116.63783389515811,44.2051209768476,0.44558474883624893,0.07694618213212161,14.450184457033727,18.63369306126698,18.64064837062698,5.623864636089197,324.3458784540575
Offroad,2005,112.50202961267784,44.39764435656427,0.42045909985758706,0.07758732050790364,13.80615618958384,17.908140167508243,17.91523005360424,5.345521178345743,323.9704440647928
Offroad,2006,108.89864098693404,43.19360851620071,0.4092671245046998,0.0700917642500583,13.57887236554212,17.874008637105057,17.88133569571306,5.177523660043884,321.5704940472163
Offroad,2007,104.08807237152794,44.06873816658848,0.4027264603531293,0.06516597809040572,13.203757701584458,17.509039746436912,17.516351639300908,5.001387795335567,309.72429733000973
Offroad,2008,99.14516419231344,39.84327302208068,0.3952880691590682,0.06750195885354554,12.652654793583528,17.0340524489259,17.0424013449259,4.727115663973571,322.6261774708475
Offroad,2009,94.84162075771088,35.914670095823425,0.35100334838149333,0.06958110296658604,11.656875247464384,15.554103033426568,15.563028274210568,4.5649008874775285,283.6231770720176
Offroad,2010,89.6879426875492,35.219997288768546,0.3356681870144221,0.0649466028007144,11.210695888618805,15.181705910706661,15.19044408353866,4.322934424540399,278.942769391989
Offroad,2011,87.05849111346394,34.87303336576136,0.35285822831525965,0.0665427673464858,10.896615335243409,14.855846633831307,14.865443471831307,4.197589903907286,287.62586496639733
Offroad,2012,79.72408247927747,25.397716585759028,0.3365942856773574,0.0529285793521984,10.358110098016772,14.389925656369533,14.399838580369533,3.9223214602616867,202.46847373410193
Offroad,2013,78.2847727262802,23.24485648509675,0.33611791618446146,0.05531827863860341,9.97839076545563,13.820324942703882,13.83011526870388,3.8488588653026548,196.59795295988485
Offroad,2014,75.67622327961098,23.516685819535006,0.33593872529322444,0.057703241118496965,10.09322995666144,14.209169338690112,14.218662482690112,3.776777951099361,205.58777271536826
Offroad,2015,75.3156402452134,29.363711992179834,0.3267954255025016,0.06005689217260618,10.21467738510064,14.468318205328213,14.477754359328213,3.7123032875592843,331.067981947135
Offroad,2016,75.54336278427252,28.743759514253167,0.3554975274073754,0.06028767733127868,10.005165275984348,14.198726136672255,14.208180117033194,3.628917989632685,333.0359998732186
Offroad,2017,71.82849293286654,27.77928359727753,0.3544895463207703,0.047356136298287554,9.619810575019388,13.717411100620318,13.726863100620317,3.456426514517573,330.05804046852757
Offroad,2018,66.07385973465097,26.555171509880807,0.4056920837539476,0.04236637124045019,9.083540343049629,13.277526991553767,13.286981632035022,3.029342187523815,314.79234416638315
Offroad,2019,62.9031204541876,26.065983823119645,0.33542878357279543,0.05255037742016178,8.838139054452304,13.071701892387221,13.081154552507535,2.8616516083188386,308.09651129245856
Other,1990,0.0,0.0,0.0,0.0,0.0,0.0,0.0,0.0,0.0
Other,1991,0.0,0.0,0.0,0.0,0.0,0.0,0.0,0.0,0.0
Other,1992,0.0,0.0,0.0,0.0,0.0,0.0,0.0,0.0,0.0
Other,1993,0.0,0.0,0.0,0.0,0.0,0.0,0.0,0.0,0.0
Other,1994,0.0,0.0,0.0,0.0,0.0,0.0,0.0,0.0,0.0
Other,1995,0.0,0.0,0.0,0.0,0.0,0.0,0.0,0.0,0.0
Other,1996,0.0,0.0,0.0,0.0,0.0,0.0,0.0,0.0,0.0
Other,1997,0.0,0.0,0.0,0.0,0.0,0.0,0.0,0.0,0.0
Other,1998,0.0,0.0,0.0,0.0,0.0,0.0,0.0,0.0,0.0
Other,1999,0.0,0.0,0.0,0.0,0.0,0.0,0.0,0.0,0.0
Other,2000,0.0,0.0,0.0,0.0,0.0,0.0,0.0,0.0,0.0
Other,2001,0.0,0.0,0.0,0.0,0.0,0.0,0.0,0.0,0.0
Other,2002,0.0,0.0,0.0,0.0,0.0,0.0,0.0,0.0,0.0
Other,2003,0.0,0.0,0.0,0.0,0.0,0.0,0.0,0.0,0.0
Other,2004,0.0,0.0,0.0,0.0,0.0,0.0,0.0,0.0,0.0
Other,2005,0.0,0.0,0.0,0.0,0.0,0.0,0.0,0.0,0.0
Other,2006,0.0,0.0,0.0,0.0,0.0,0.0,0.0,0.0,0.0
Other,2007,0.0,0.0,0.0,0.0,0.0,0.0,0.0,0.0,0.0
Other,2008,0.0,0.0,0.0,0.0,0.0,0.0,0.0,0.0,0.0
Other,2009,0.0,0.0,0.0,0.0,0.0,0.0,0.0,0.0,0.0
Other,2010,0.0,0.0,0.0,0.0,0.0,0.0,0.0,0.0,0.0
Other,2011,0.0,0.0,0.0,0.0,0.0,0.0,0.0,0.0,0.0
Other,2012,0.0,0.0,0.0,0.0,0.0,0.0,0.0,0.0,0.0
Other,2013,0.0,0.0,0.0,0.0,0.0,0.0,0.0,0.0,0.0
Other,2014,0.0,0.0,0.0,0.0,0.0,0.0,0.0,0.0,0.0
Other,2015,0.0,0.0,0.0,0.0,0.0,0.0,0.0,0.0,0.0
Other,2016,0.0,0.0,0.0,0.0,0.0,0.0,0.0,0.0,0.0
Other,2017,0.0,0.0,0.0,0.0,0.0,0.0,0.0,0.0,0.0
Other,2018,0.0,0.0,0.0,0.0,0.0,0.0,0.0,0.0,0.0
Other,2019,0.0,0.0,0.0,0.0,0.0,0.0,0.0,0.0,0.0
OtherStationaryComb,1990,149.2499693358328,397.63824419788625,1085.8210090582718,3.575868739421413,0.0,0.0,320.37385525150484,0.0,3628.4206365102095
OtherStationaryComb,1991,144.7197345367348,266.0431352949366,606.412425570877,3.9876996819447847,0.0,0.0,163.09364373133369,0.0,2478.6716997987232
OtherStationaryComb,1992,131.06495470805004,178.7662232077141,399.1524237939908,3.8328054160748306,0.0,0.0,92.72942916337813,0.0,1765.2578885674493
OtherStationaryComb,1993,134.4736775891071,136.20666859690675,339.5242845168976,3.992978403108279,0.0,0.0,61.172924081687256,0.0,1532.2245076968952
OtherStationaryComb,1994,125.69001476897414,94.0743272470662,246.50800014103186,3.793131385,0.0,0.0,36.86121461088482,0.0,1218.4541512624364
OtherStationaryComb,1995,127.05658867708155,76.6250747041294,203.8363293421716,3.7280771878079713,30.379619635889867,32.43108094643477,33.37050673988211,0.0,1113.486794226661
OtherStationaryComb,1996,140.66155896365117,71.31972305326516,204.04850023465445,4.159969851134701,28.32808020906477,30.21313415001434,31.125173804305213,0.0,1051.1276309722093
OtherStationaryComb,1997,132.13332541115446,81.5559004134409,169.84159879671154,3.9524935026750025,31.487928495620906,33.665060848327975,34.70053297100117,0.0,1144.975463323896
OtherStationaryComb,1998,124.28687598136122,70.13711901918273,134.99632849164743,3.7643618787167354,26.83344218243096,28.699402822255,29.662907547852644,0.0,989.0703266962538
OtherStationaryComb,1999,113.63540697825671,64.92703152481845,115.4851264019768,3.2686848036985334,26.066343290729716,27.916002080404727,28.862807581599387,0.0,955.5629707175707
OtherStationaryComb,2000,107.1062498042756,59.79183070515085,102.19629399670204,3.090880048058653,24.207926191766724,25.97267909023466,26.883130163615416,2.4659453045316204,929.2250304587549
OtherStationaryComb,2001,118.79692332975026,61.471119817577694,111.18959943963627,3.5658604518397854,26.468052272161664,28.345470299276773,29.305806181997593,2.6760592421148823,990.9418624013523
OtherStationaryComb,2002,108.95330320085965,54.76868140261039,95.53793337546713,3.1735919130083787,24.951017510584528,26.67833883956045,27.552778922121696,2.5728085444454543,919.2144440748825
OtherStationaryComb,2003,102.87953261742898,47.85048142199254,85.41433431261201,3.123915838135097,23.554662293858968,25.07646692107491,25.838515450187078,2.242016336237792,807.0560823428905
OtherStationaryComb,2004,95.13450205614531,41.721813029463085,71.14868102876696,2.849906889269877,22.218544798309964,23.593680053266826,24.28088123195044,2.168623016696406,745.5203354676204
OtherStationaryComb,2005,92.45269974073442,37.3390041850631,69.12612188662563,2.83300188816899,21.782565608161296,23.07834159492243,23.721827200572818,2.1441064136275974,722.6974768171596
OtherStationaryComb,2006,99.98210978773788,43.475976146079205,74.4279239290639,2.996800913976617,24.98451922657289,26.431882189130917,27.14264191367361,2.4105483424722745,822.9475466741701
OtherStationaryComb,2007,80.82694198634222,43.06939550456702,53.62457720913454,1.9781358676938556,24.60481581249517,26.017533251101625,26.704823609377318,2.465713804056712,826.9768526922977
OtherStationaryComb,2008,98.68753434920721,51.33381273256871,67.92486396485437,2.7509046814560922,28.703513109256992,30.325035144645444,31.10351073289398,2.9207854973149314,928.6739237765095
OtherStationaryComb,2009,89.69473116083286,45.88517284619694,47.59003476439618,2.3993704197879486,25.437875753921052,26.879698041983296,27.56111097039176,2.652301084003256,784.3027559994766
OtherStationaryComb,2010,97.67305965160172,55.20125971613818,48.64467137953204,2.4819163768771872,31.391177127760706,33.26165714265158,34.14057912097329,3.28353176298285,942.8543266090188
OtherStationaryComb,2011,84.86613085617576,48.549525289179165,38.61318259673084,2.0902648735718254,27.108671319180516,28.719868921296765,29.474183746123426,2.7538520201029195,846.0269367821937
OtherStationaryComb,2012,89.22681029167379,51.61451722123405,24.75631569218721,2.248001887254158,28.696373844311626,30.312373065196436,31.060371463153583,3.0166641059325805,785.9199559392242
OtherStationaryComb,2013,95.37591315009956,52.25496336396697,19.98587315275439,2.4248383716974606,29.02850765422691,30.69996079728649,31.46668950191893,3.1122658090172792,756.8228477487368
OtherStationaryComb,2014,80.5959410303903,40.295100969227384,17.983207336261163,2.048576210317369,22.20547405004819,23.497001024444646,24.089643645545728,2.368956979519283,576.7843385351608
OtherStationaryComb,2015,84.14598621605269,41.31199595031576,20.27194848222753,2.041139049800921,22.75581501629529,24.1387744955776,24.772740067587478,2.450560334552212,584.0086235602199
OtherStationaryComb,2016,82.91077104447871,38.329097866717454,16.45537205628876,2.01458715224475,20.79571356756808,22.06006908189378,22.63371407356201,2.2945032437560577,518.8399736408545
OtherStationaryComb,2017,82.93225824565755,38.975889785095625,16.043604590923756,1.9900278857327907,20.60615695707651,21.850820927273972,22.412594689684266,2.2850619000175754,512.8792682332343
OtherStationaryComb,2018,79.16597829730678,39.22053384313798,15.477782127861037,1.7850219774412026,20.204388784990346,21.416044396446836,21.96221417322074,2.2252066485446327,506.9251335309845
OtherStationaryComb,2019,83.83909907735104,39.32615462686551,12.702771027403756,2.0382722944451084,19.747994975438914,20.906548354329647,21.42646865840043,2.21628483204784,486.0303674511972
PublicPower,1990,464.3647319495999,6.531375100000001,2435.3083316796983,1.4014800199999997,0.0,0.0,383.2154173495001,0.0,176.32047768399994
PublicPower,1991,414.7481444684,6.214311615,1908.7578829038002,1.4565372399999998,0.0,0.0,246.68795393999994,0.0,152.74555424399986
PublicPower,1992,364.41372631842,5.880985385000004,1685.6550521915,1.4862061900000003,0.0,0.0,172.49461516559995,0.0,137.89430310800006
PublicPower,1993,325.80654859254656,5.561564400000002,1511.6349669435003,1.5544469499999995,0.0,0.0,108.924472786,0.0,123.85462845399996
PublicPower,1994,295.7760164081065,5.4274386849999985,1358.8153823705,1.5683782899999996,0.0,0.0,59.016508128999995,0.0,115.28577344199996
PublicPower,1995,266.9732242539739,7.096530121507383,1050.5907121867474,1.5775140164723256,14.511404902360939,16.398027393052477,18.12664492041649,0.0,108.0430931454472
PublicPower,1996,266.57250567218495,7.492044861489045,876.712575571849,1.4088654815851482,13.803859170803449,15.587939369201218,17.239613001952307,0.0,105.58485777747637
PublicPower,1997,247.46380707336877,6.979211153093793,693.6150364893365,1.3015439766298353,11.936726399104888,13.47607842565299,14.900024492979256,0.0,101.68499810534149
PublicPower,1998,242.4861459521721,7.1563008730687345,520.5626751905015,1.16120375475721,11.172764045142154,12.599408262390831,13.941728091988624,0.0,99.0065905199872
PublicPower,1999,228.9053749345287,6.869630013425535,385.389514250243,1.0279328422999998,10.050226873030224,11.322177581777582,12.535043117994631,0.0,97.02932831179447
PublicPower,2000,229.44673933626788,7.001126313553751,265.4199430256753,0.7800435741000002,9.734943015090101,10.94301803091702,12.134763597653706,0.14990112049935192,100.2086223056044
PublicPower,2001,238.1334893452505,7.140930043314498,253.5278665081724,0.7589262704999999,9.853424701046437,11.069939093509408,12.27444278537956,0.15240614282625836,101.02606227303231
PublicPower,2002,239.66591987550552,7.012095698982937,227.57491271165856,0.7212154451000002,9.358512237090137,10.510467117454162,11.65443470165492,0.14488750227354671,100.63675835058653
PublicPower,2003,264.55197934376,8.454227931851536,215.66657455169803,0.7499793034250003,9.646889819291875,10.839895819548016,12.00669161183103,0.14589420713226156,110.39522082781627
PublicPower,2004,247.11950541957708,8.603003569213149,193.3474345416926,0.7448438735999999,9.60143240159722,10.78760130567933,11.940363963227794,0.14076706990980936,97.63381495883026
PublicPower,2005,247.00186500011847,8.536756281831698,181.14350197378246,0.7343308309166665,9.126242272397967,10.25366116193276,11.339963324606252,0.13763508755123996,96.92903489209293
PublicPower,2006,252.92753750084432,9.178898926012172,184.2312404869901,0.7327623768333332,8.870520998637359,9.955582224891456,11.00136789076317,0.1310630578986667,98.71930182457159
PublicPower,2007,269.0725794967609,9.805173339406004,189.64444722746006,0.6710871252999998,8.696349059697274,9.723969334260941,10.72391751227858,0.12489274985092859,109.73703708322144
PublicPower,2008,262.7672499996188,9.329226545540848,175.80421750754542,0.6584883975999998,7.715805411055845,8.59441125355818,9.453472250945751,0.1071763180653159,108.97125787149602
PublicPower,2009,252.55256333687,8.95697981989494,166.67353225745399,0.6655336633733334,6.946492479853875,7.719428348146407,8.47239022049027,0.09180042685903132,108.20635128502047
PublicPower,2010,260.9804903429288,9.430393411874718,172.81501093225674,0.71000859567,6.723950822342446,7.454008734341344,8.165138432166104,0.08759999538552017,110.33419178450396
PublicPower,2011,263.9872042434851,9.381858103074968,172.5570011031025,0.7408927866874162,6.293492228161269,6.960246309059582,7.603933046985979,0.07605016010196101,113.34473830307763
PublicPower,2012,285.197448342585,10.242461573154017,184.97291373335608,0.7996414892454292,6.450528803769342,7.10800870647118,7.7414312809286185,0.07407245745511178,123.99296255170692
PublicPower,2013,286.09175431792494,10.115937530950633,181.5634924072491,0.8075134732999997,5.989675093317206,6.587115442424159,7.1620039667229936,0.06807596948441337,120.634293699629
PublicPower,2014,274.5758578403052,9.590561303610352,168.58277016910694,0.8047883274,5.664148739324011,6.222341690280374,6.743570737112734,0.060878549634090916,115.16331453594398
PublicPower,2015,269.54308336298595,9.441427854717052,158.04312526040567,0.7795905862999997,5.51546510224502,6.061288136390476,6.568597387755927,0.05763334137676363,113.01977054824665
PublicPower,2016,263.54366350838694,9.028742729579179,138.38576928157156,0.7679946549000002,5.181043458303817,5.670535016413816,6.122764353711819,0.05198340260839999,109.075943470092
PublicPower,2017,250.65105831308557,8.382308496404317,128.59387020198676,0.7180253367999998,4.874937432199817,5.325113820599818,5.738176754953818,0.046990375638399993,106.66241512683601
PublicPower,2018,241.7264626952061,8.05532392751773,123.02578981360851,0.7044448916,4.749361853844252,5.185133646244252,5.585671560682252,0.0439317554264,104.80805765719201
PublicPower,2019,208.91605266827443,7.078881352017733,99.42578251517966,0.6477443709000001,4.03373470438424,4.37854881858424,4.687920263246241,0.0343624899372,94.46989345784802
RoadTransport,1990,1305.6199649257844,1478.8037566824655,72.18042359607212,7.49990741660724,0.0,0.0,75.13230441897491,0.0,7324.317149157679
RoadTransport,1991,1254.8618912384113,1197.5414659428461,61.41147376399187,11.376749848799955,0.0,0.0,76.56984648797561,0.0,6391.496350820693
RoadTransport,1992,1253.4155485052638,1041.3019773933722,65.69248501838143,14.721723254436018,0.0,0.0,79.50608653005908,0.0,5793.292187295798
RoadTransport,1993,1235.64240354906,900.6041680959408,68.74705365185764,17.63701845256786,0.0,0.0,81.54341541810373,0.0,5257.301559078715
RoadTransport,1994,1181.4177242032904,753.5690439435174,69.46252863901698,19.26494177295386,0.0,0.0,81.08368635654521,0.0,4534.098213858619
RoadTransport,1995,1156.3363810695828,682.0327713969722,69.31288068594107,22.33946323801082,63.61240167661153,71.61217281832998,81.52303307111326,0.0,4198.585275066565
RoadTransport,1996,1092.504308784747,607.2718000293615,37.87895197753452,25.156946393697062,58.90500838876084,67.05411437796236,77.14841065534985,0.0,3798.510682302918
RoadTransport,1997,1057.41038459383,530.8424375779638,29.15940100717904,27.66709230574984,56.41272972267053,64.7123456028102,74.99252386786175,0.0,3417.0496531728204
RoadTransport,1998,1053.5628503163903,472.19022273246065,27.18301803211719,28.82544549821999,55.0724996764016,63.55321844215399,74.05486129115066,0.0,3111.0161954511955
RoadTransport,1999,1059.107069926836,411.6582829399132,26.003655511574735,28.838386268861075,54.71811265189475,63.44804754659924,74.25479079320274,0.0,2831.340220525229
RoadTransport,2000,999.6556055732666,346.4534840606363,19.673877721473787,32.67026115129595,52.28438733404206,61.073296446828735,71.95022056827506,26.503370912027936,2487.6393290677725
RoadTransport,2001,949.3921662572203,314.91447025137114,16.035316802389616,30.76508698268052,49.31369267480758,58.23775732058878,69.27686541364125,25.299547782168005,2292.042469893343
RoadTransport,2002,910.1034877985492,283.50325152294965,3.4523098097044818,29.534189646135296,46.95787869068896,55.98131785499678,67.14027871138407,24.36862993315826,2103.957974823031
RoadTransport,2003,849.3614091789798,248.77830394675078,0.8249552427600727,27.6497464275691,43.755188510390084,52.73665114683844,63.84393050283919,22.860936798619765,1903.0774413693543
RoadTransport,2004,839.6757413198877,228.0849306933587,0.8278676759612075,25.921285378396746,42.95418036061603,52.06499763247829,63.33003223332204,22.80169133569341,1772.565626380796
RoadTransport,2005,797.7018692411084,201.6463499318387,0.8011231422581488,23.536459025693723,40.89717179328053,49.81481390280767,60.83907757959943,21.882428766945466,1593.8538430656454
RoadTransport,2006,802.5710624932187,182.54699508924222,0.8048598023868236,21.624895422328432,39.14864467243449,48.20435191125788,59.401101912564826,20.87385473456224,1473.668917138865
RoadTransport,2007,757.804845511805,166.79382343443677,0.794221837727012,20.10492654454029,36.33372527947982,45.53578615980238,56.913512171774286,18.988339853227945,1390.5223974735427
RoadTransport,2008,700.3513733848949,145.1399126253957,0.7823516015941924,18.388469481494617,32.524627152729835,41.69209265773252,53.026757435256656,16.548709207323355,1314.2982546744374
RoadTransport,2009,659.1156125344771,134.68440885074256,0.7766750185778221,16.991893621107295,29.957861707896416,39.033095630376735,50.24615247663732,14.824801607685153,1267.0732572168101
RoadTransport,2010,649.5917380016447,123.61688773473216,0.7839969280050625,15.36191508151476,28.463056773181478,37.67321193198115,49.054698806721525,13.754591124499058,1195.7409661927218
RoadTransport,2011,636.3160826694581,117.64986924704067,0.7926603432583901,14.58197565300131,27.081350615482663,36.45977665788902,48.04942138129476,12.672110356675114,1186.8765216279369
RoadTransport,2012,620.807315158191,107.67869917828419,0.7869500355340991,13.042540743513644,25.282211358515152,34.64563901964863,46.215931849064624,11.381539333215873,1116.6420438638163
RoadTransport,2013,619.9038143025836,104.0856111848331,0.8043435582584658,12.266756663864076,24.185900670740125,33.626750024986144,45.292191517925765,10.4758101531262,1105.6233034331667
RoadTransport,2014,600.7930170977581,101.1375200645677,0.8115271603568857,11.663188665171466,23.064633034486345,32.66917495447287,44.53153157568345,9.469632718697847,1094.399728103665
RoadTransport,2015,579.1871301811376,97.12790304639877,0.8135633244229437,11.014996800712185,22.07485902823512,31.825384670693673,43.86697717584271,8.529950758949873,1059.6618211314626
RoadTransport,2016,556.612024352507,94.8747343713482,0.8293504308540735,10.699350782160522,21.17753581761128,31.064362504347557,43.27342561343543,7.688768170847801,1035.8508441842985
RoadTransport,2017,528.1227476860054,93.3064835045437,0.8451164691111521,10.55970593453436,20.341012896392165,30.341653170460035,42.68595787701953,6.921025591556918,1017.5096178001262
RoadTransport,2018,473.297518457649,87.77660408980296,0.8191941610845798,9.98642016821687,19.218510750611014,29.276170541569282,41.68762066485721,6.019926244385083,958.5320548456502
RoadTransport,2019,439.92753197651297,89.2374666988334,0.8276446541254822,9.865528650055836,18.74400993333126,28.891865916794956,41.413098500439304,5.5002183780565055,945.2564688068003
Shipping,1990,60.649232829537944,3.198606145296545,24.669814818904413,0.013920366974418893,0.0,0.0,13.347869470560987,0.0,12.540995272138103
Shipping,1991,57.33183538488888,3.102789839144526,20.775090826766593,0.01285470571662073,0.0,0.0,11.591111131861393,0.0,12.33903834118746
Shipping,1992,57.81652123069756,3.2000405327724457,18.942912143703946,0.012656906123342778,0.0,0.0,10.670448080148134,0.0,12.896775828111672
Shipping,1993,56.99776173423765,3.184590808172044,17.43053145816843,0.012277752950374615,0.0,0.0,9.889236744214514,0.0,12.94574920574759
Shipping,1994,55.88227842281523,3.0489971344387152,16.736491673314124,0.012040885671835682,0.0,0.0,9.309668020963104,0.0,12.474927831793737
Shipping,1995,47.86909277151408,2.4779983615190817,16.55240452902987,0.010661465281620548,8.42895634380609,9.068249822639277,9.068249822639277,0.0,9.94339002552042
Shipping,1996,44.30593297071255,2.248770790715115,15.524954931344457,0.009900540241021381,7.881673093056463,8.482928384125529,8.482928384125529,0.0,8.9764281876606
Shipping,1997,38.481872496983556,1.8475726623989228,14.797724725130358,0.008893799192837289,7.285682711489239,7.862258347900005,7.862258347900005,0.0,7.205445455913468
Shipping,1998,39.90600617252305,1.797870187418071,16.8437495378856,0.009555180924613285,8.008062026853084,8.665583112217721,8.665583112217721,0.0,6.801344334583247
Shipping,1999,35.39400619018343,1.5268050467691565,15.568522430045615,0.008680917968949596,7.1882196452038984,7.793772836583812,7.793772836583812,0.0,5.642373323713459
Shipping,2000,33.57295359370934,1.4192609048545235,14.521093562437523,0.008287202327852258,6.521691308053468,7.080103215983939,7.080103215983939,1.239210357497476,5.191203132759189
Shipping,2001,33.326958124116885,1.3935801298386812,14.260002750048006,0.00829738991174371,6.206994200038845,6.748381194213894,6.748381194213894,1.122858130683984,5.046390606789328
Shipping,2002,32.18308736408754,1.302994219350867,14.738021286866072,0.008201958688972727,6.3723309482714265,6.935967317825741,6.935967317825741,1.1405743562857802,4.608351468420549
Shipping,2003,33.11028823828567,1.3449982503920708,15.003186999024361,0.008412446691943165,6.483722736473107,7.056583473885618,7.056583473885618,1.160979171630448,4.762120581898938
Shipping,2004,32.15458069177256,1.356301703911102,13.280164616923573,0.007944632443548833,5.774962243499626,6.2767745976814275,6.2767745976814275,1.0477247730200832,4.910039399501478
Shipping,2005,31.717498843571533,1.3811995822541863,11.96063028551739,0.0076329460064433335,5.222415349974641,5.668554433383041,5.668554433383041,0.9583201225232016,5.085078210250277
Shipping,2006,29.238600418560914,1.2468446576470615,7.468910492758614,0.007169558760881773,3.549334604046969,3.835789092302143,3.835789092302143,0.7410976180316935,4.51385705338763
Shipping,2007,30.066538359133578,1.2674388370213603,7.859475825788865,0.007438871481854098,3.718355969453537,4.021153472178613,4.021153472178613,0.7727569842371091,4.543270545745653
Shipping,2008,29.52459667204954,1.2147553289517483,7.6432065342611555,0.00743718315640739,3.4459984459891393,3.7362461468263866,3.7362461468263866,0.6693608919342462,4.280594449012559
Shipping,2009,28.36190028687413,1.2057890108752947,6.100541445843536,0.00698110451993189,2.55978102484204,2.7767153066408086,2.7767153066408086,0.44825664274353105,4.3057308578173625
Shipping,2010,27.047451021325692,1.1661398904888582,4.090642918683594,0.006600262412147245,1.8038163774095408,1.9460375160361938,1.9460375160361938,0.3502050266607636,4.177320604165414
Shipping,2011,27.75083041652885,1.2092328485823884,3.51179398529964,0.006710575974978997,1.763085828822298,1.8998379803180276,1.8998379803180276,0.3426789817837319,4.355595508535085
Shipping,2012,27.754597475347246,1.1807430847779063,3.676091180921424,0.00683107906865786,1.836374619478371,1.9831450417073408,1.9831450417073408,0.349963548977811,4.204147134977376
Shipping,2013,27.96230887529235,1.1895064795842898,3.639524292430991,0.006873717170758376,1.8560257614094577,2.0046229035882464,2.0046229035882464,0.3521038131281185,4.215748441356708
Shipping,2014,29.42474663682787,1.2598255265200542,3.5668069874384867,0.007283087335455433,1.8743640970418172,2.021600899128975,2.021600899128975,0.36643479825749314,4.477546307748423
Shipping,2015,26.599002861321527,1.1965601667292425,0.5502162870739683,0.006561554526486347,0.9863724763159764,1.0364198461597887,1.0364198461597887,0.30433975321752194,4.155173765752802
Shipping,2016,27.664411264927725,1.2176435369986751,0.6650009016725675,0.007125694530141478,1.1141956216814668,1.1764721576650081,1.1764721576650081,0.3451254507476216,4.193120101112489
Shipping,2017,25.91127934686026,1.1224747012476233,0.6231471281420915,0.006617587395368334,1.0322286361786326,1.0904300418658013,1.0904300418658013,0.31978734611680215,3.8234102817310984
Shipping,2018,27.284788650705043,1.1926471706583293,0.6781876673129713,0.0071150983155173625,1.0980924948052178,1.1611965384542142,1.1611965384542142,0.33597684813568807,4.01213762267667
Shipping,2019,24.696081331178096,1.1307865008076436,0.6050780367701998,0.0064099874571148146,0.978181360615784,1.0339230568722089,1.0339230568722089,0.292702564728998,3.6007011739771317
Solvents,1990,0.310201166,1200.11304485064,0.054568682,0.9044541042800001,0.0,0.0,4.256913998825,0.0,19.2253674494
Solvents,1991,0.31067439199999997,1173.1180448506402,0.060065384,0.9044541042800001,0.0,0.0,4.366652980703078,0.0,19.2383811644
Solvents,1992,0.292756532,1128.4862536549801,0.091983764,0.84327219971,0.0,0.0,4.748389342199833,0.0,18.022186613299997
Solvents,1993,0.273326478,1128.9424692976602,0.097577106,0.78432313357,0.0,0.0,4.661041097063533,0.0,16.7908092161
Solvents,1994,0.285100312,928.7317545671,0.102532624,0.81791696045,0.0,0.0,4.894490663113238,0.0,17.5118242335
Solvents,1995,0.29001821000000005,957.9324645674801,0.17778286999999998,0.81329674346,5.563436188070436,6.20336439499324,6.20336439499324,0.0,17.5924340708
Solvents,1996,0.29560300599999995,955.3814035063601,0.18812516199999998,0.82719469722,5.8309231819449305,6.508078315075759,6.508078315075759,0.0,17.9103541256
Solvents,1997,0.299368762,983.96310974952,0.16692657400000002,0.84374647804,5.609168761068356,6.210019969755371,6.210019969755371,0.0,18.2096311042
Solvents,1998,0.29834579999999994,1011.52741045286,0.08878799999999999,0.86063398397,4.592297657193321,4.915816218965631,4.915816218965631,0.0,18.381188163100003
Solvents,1999,0.316080578,931.9772712725,0.10924940600000002,0.90792326375,5.108890440753046,5.52020163717499,5.52020163717499,0.0,19.4280728075
Solvents,2000,0.308607584,848.0169601002201,0.112308968,0.88501935069,5.0933886198570075,5.513867564870399,5.513867564870399,0.01231534693188,18.9517351687
Solvents,2001,0.31253085,792.1870389509401,0.07943354999999999,0.90501364613,4.641883106101854,4.931502389922517,4.931502389922517,0.012593574390759999,19.296050134900003
Solvents,2002,0.326603836,758.84083796518,0.096877372,0.94223117261,5.050171251983725,5.404183432267985,5.404183432267985,0.013111468999719999,20.123140740300002
Solvents,2003,0.310113882,731.17531867046,0.096687414,0.8934604391700001,4.907125159666842,5.260922563908959,5.260922563908959,0.012432807564839998,19.0929711141
Solvents,2004,0.28903419,766.5162952146001,0.11425113,0.8265765367,4.948508790826182,5.369590100182285,5.369590100182285,0.011502095188399997,17.722402165999995
Solvents,2005,0.279459442,756.22732368858,0.109812334,0.7993614869100001,4.775556243115618,5.159922994351827,5.159922994351827,0.011123388463319997,17.1372886943
Solvents,2006,0.27138936799999996,774.00051900804,0.124565336,0.77170946158,4.8615761875603525,5.294008533292951,5.294008533292951,0.010738601074159998,16.588386683400003
Solvents,2007,0.2773717639999999,726.41657043452,0.125726828,0.7891245355400001,4.933155997561261,5.343326060478569,5.343326060478569,0.010980937784079998,16.9588293842
Solvents,2008,0.257061722,683.4627988247601,0.128500094,0.72828901402,4.743531157008247,5.159791316681702,5.159791316681702,0.010134390697039999,15.680945679599999
Solvents,2009,0.245038352,593.14989692772,0.113537504,0.6965070369399999,4.532334763615113,4.900665888623181,4.900665888623181,0.009692133616879999,14.974492876200001
Solvents,2010,0.24361338600000002,715.57026285898,0.119127222,0.69086365771,4.600047090269216,4.976836686158509,4.976836686158509,0.009613604064919998,14.868575438300002
Solvents,2011,0.25556564000000004,640.2356812988401,0.11262788,0.7279053281800001,4.6474847269091475,4.99245064307651,4.99245064307651,0.010129051577359998,15.635266481400002
Solvents,2012,0.24351372799999998,639.85938924666,0.12449285600000001,0.68920101907,4.738897201645221,5.1241802191812935,5.1241802191812935,0.00959046787964,14.846174756100002
Solvents,2013,0.234458228,596.4501115,0.10986095600000001,0.66612125,4.449146315561787,4.786314616253898,4.786314616253898,0.009269305,14.32423877
Solvents,2014,0.23740956,569.4817311882,0.12595212,0.6707574539,4.696093682014929,5.082905063581812,5.082905063581812,0.009333819362799999,14.460221796999999
Solvents,2015,0.233245852,544.1805794950001,0.132367204,0.6567955525,4.766850028265442,5.174535780031833,5.174535780031833,0.00913953473,14.180625505
Solvents,2016,0.22328131399999998,547.0399465942,0.127017878,0.6286585908999999,4.527724320579299,4.919128764745992,4.919128764745992,0.008747999286799998,13.573891541999998
Solvents,2017,0.222465522,556.47093528416,0.12828869399999998,0.6259195003200001,4.562252551196845,4.949912387731285,4.949912387731285,0.008709883904639998,13.5190685286
Solvents,2018,0.221584402,547.88488225436,0.12704445399999997,0.62362804322,4.544589738251617,4.947723417507618,4.947723417507618,0.008677997495439998,13.467742095599998
Solvents,2019,0.21861204,547.10300518224,0.11848668,0.61700946248,4.3413209134192,4.7014655385005675,4.7014655385005675,0.008585897680959999,13.307739870400003
Waste,1990,0.5279417340141042,38.447743969293136,0.10541168600193183,0.16072799999999998,0.0,0.0,10.701794578645579,0.0,25.04454260000239
Waste,1991,0.5403686999949713,39.36502387354932,0.10685110799931122,0.33632999999999996,0.0,0.0,10.647074193818854,0.0,24.84859623999915
Waste,1992,0.540292791008508,39.74582394187403,0.10657801500116534,0.434232,0.0,0.0,10.601903583962553,0.0,24.65052818000144
Waste,1993,0.619938281967571,39.65100637750119,0.1172243379955582,0.532134,0.0,0.0,10.565324752743122,0.0,24.465988599994496
Waste,1994,0.6378803729971928,39.17823040877215,0.11941916499961551,0.839752074,0.0,0.0,10.492285304452636,0.0,24.270978139999524
Waste,1995,0.6339797639866416,38.50932657478289,0.1186222039981703,1.1473699259999999,7.070401637176105,7.919346125975943,10.43076304117578,0.0,24.07226103999773
Waste,1996,0.6447988050224278,37.61962907113946,0.11984138900307195,1.454988,7.0461820642424176,7.8852329966426895,10.372058936242961,0.0,23.876041820003806
Waste,1997,0.6360678209836302,35.99491674565464,0.11838281299775784,1.601508,7.00858714526427,7.838829068964101,10.302386871263952,0.0,23.676505019997222
Waste,1998,0.6427948619903164,34.758506444849445,0.11904151799867366,1.731755726,6.9700173639791805,7.7922055147790985,10.233414835979039,0.0,23.47959139999836
Waste,1999,0.6397588530339322,33.73808739061733,0.1183629810046477,1.981483356,6.933496519965878,7.748345363266104,10.168186600966207,0.0,23.281021020005756
Waste,2000,0.6280405440058816,32.742229031913496,0.11649523200080562,2.255476288,6.899763844252763,7.7071174172527925,10.105441139252791,0.6534994303752648,23.080977280000997
Waste,2001,0.6283416600119269,31.725825333688288,0.11627378000163364,2.2632909879999996,6.754683877981975,7.554767631382033,9.931973294982033,0.6393007955281744,22.882973200002027
Waste,2002,0.635407776031145,30.77445448449704,0.11697892800426593,2.65659806,6.800023914566898,7.593350156367049,9.95006679356705,0.6441225335666295,22.68611712000529
Waste,2003,0.6570763919893338,29.82625091868189,0.11968417599853905,2.659983662,7.148622984078228,7.934001713278178,10.268575370078178,0.6792642239478436,22.49173903999819
Waste,2004,0.6567793830268971,28.97807914045052,0.11938079900368409,2.69144966,6.473881475985992,7.252856328786122,9.567451699986123,0.6120851799585469,22.293633460004568
Waste,2005,0.6434061239734362,28.066951952743235,0.11728637199636158,2.6633506479999998,6.410421707552594,7.180451373352464,9.471817866552467,0.6061036328653109,22.09330887999549
Waste,2006,0.6405920399704863,27.06916643090558,0.11663823199595755,2.6953376359999996,6.565224915963862,7.32709584876372,9.596197995963719,0.6219148601564435,21.894776159994993
Waste,2007,0.6458646059823346,26.206763653833622,0.11709771799758037,2.868023012,6.42931769549853,7.1852073592984445,9.434850184498444,0.6086014245598874,21.697615719997
Waste,2008,0.6601989719750524,25.415204003196656,0.11879839599658294,2.820839176,6.577745063681067,7.326582157080946,9.555302660680946,0.6237236598981551,21.501993039995767
Waste,2009,0.6681065880285727,24.6082117756117,0.11961880400391359,2.86956248,6.363263519075243,7.104161133275381,9.310836720075383,0.602582650597469,21.305279760004847
Waste,2010,0.6791261039977784,23.867164227204466,0.1208654479996957,2.847485056,6.285896958311156,7.019753327911145,9.205542534311146,0.5951314357511199,21.109094559999622
Waste,2011,0.6997453199840089,23.249511429153653,0.1234269599978097,3.1351105842,6.590827291305724,7.318472224905648,9.484402559305646,0.6258773960506034,20.914538399997287
Waste,2012,0.7027029359920615,22.674979516430167,0.12356936799891267,3.251078672,6.4824787677835065,7.203317607183468,9.348721314783468,0.615338754608366,20.716985119998647
Waste,2013,0.7147025519988985,22.126853508164782,0.12495025599984916,3.2381238035999997,6.357185538004295,7.072200865204288,9.198309414004289,0.6030714514404316,20.520966239999815
Waste,2014,0.7479211679723403,21.613554692365366,0.12923750399621148,3.4379501279999998,6.409830971864292,7.118726734064158,9.225016792864157,0.6085639404764829,20.328548159995307
Waste,2015,0.7843572839814209,21.12655682978521,0.13396545199745524,3.454163372,6.513009897546935,7.215148537146845,9.300763275546846,0.6191151269747296,20.136676079996846
Waste,2016,0.7703073022499999,20.666844482313998,0.13177833448999998,3.536347612,6.497388724432971,7.193029092552971,9.258629189352972,0.6178752806152972,19.936236662199995
Waste,2017,0.7858969222500001,20.2819070177798,0.13365094425000001,3.5966032,6.395718581855885,7.0845075052558855,9.129441138855885,0.6079818700655887,19.740826995000003
Waste,2018,0.8297822355000002,19.9131813821779,0.13939920654000001,3.4832964,6.374938892584345,7.057033855104345,9.081327645904345,0.6061222683204346,19.5502190212
Waste,2019,0.8260601280000002,18.7536291823957,0.13731321600000002,3.493007414308,6.196282430657137,6.837363866857137,8.738402297657137,0.5900768150557136,18.361256320000003
